1,Phaniraj,55000
2,Christyna Grist,65000
3,Alisander Gentiry,66425
4,Joyous Baggelley,65273
5,Loretta Rawls,85116
6,Deina McLafferty,90486
7,Ambrosi Benneyworth,76871
8,Esme Meininking,28279
9,Cloris Blaxlande,28609
10,Julia Izakov,40883
11,Caleb Chicco,89914
12,Keslie Ainsworth,70621
13,Bayard Sherringham,25738
14,Hetty Gobolos,79747
15,Cecilius Meiklam,51945
16,Harmon Baldacchi,70594
17,Greer Hatwells,40657
18,Vern Cutmore,49778
19,Jewel Fairfoull,76182
20,Reggis Benny,32907
21,Larine Pendrigh,36617
22,Phedra McArte,80819
23,Crystal Huxham,58865
24,Vincent Regler,29358
25,Ryun Connikie,92169
26,Herminia Urvoy,47622
27,Tyrone Gayton,38132
28,Krystyna Beeble,80186
29,Lem Hedlestone,43477
30,Saleem Habbert,58917
31,Geoffry Light,62968
32,Amie Kulas,70099
33,Helaine Ahrend,95884
34,Reynard Chettle,53703
35,Drusi Hagart,30013
36,Dulcinea Streader,76552
37,Alana Parrington,86423
38,Raye Crouse,37638
39,Ulrika Casaccia,99044
40,Logan Urian,80790
41,Roi Goolding,82995
42,Hillary Fydoe,84011
43,Svend Toomey,52830
44,Penny Finci,62085
45,Aeriell McGrail,45893
46,Layne Kelley,33170
47,Marve Linge,89301
48,Wheeler Iacovone,42820
49,Doria Sitlinton,37698
50,Benjamin Cranton,56589
51,Jasmin Titcomb,33416
52,Nickolas Staveley,62808
53,Shellie Skettles,32764
54,Kailey Beswetherick,59791
55,Brant Fulle,51809
56,Herschel Agnolo,39413
57,Hali Mintram,91234
58,Joella Van Giffen,63432
59,Alvan Massingham,27135
60,Katrinka Letteresse,53828
61,Mireille Tebbe,72430
62,Nance Labuschagne,42577
63,Benjamin de Keep,80839
64,Emogene Driscoll,27721
65,Selle McBryde,30700
66,Jolyn Delacourt,80071
67,Vikky Krochmann,93169
68,Donalt McPhilip,70809
69,Julianna Fullerton,82509
70,Palmer Boughton,72881
71,Clarice Choupin,57745
72,Jessi Dobkin,37238
73,Joanie Caddock,78479
74,Clem Eilles,37963
75,Cthrine Crudgington,65091
76,Tildy Connichie,41889
77,Otis Streatfield,82010
78,Ronalda Pollie,63787
79,Dorey Glew,90267
80,Zeke Gaffey,42717
81,Meggy Dressel,79102
82,Merridie Abele,94665
83,Estrellita Elias,29832
84,Sarine Feldhorn,79593
85,Kay Hotson,49802
86,Adda Fillingham,83967
87,Ruby Stovell,34615
88,Inesita Castagneto,34269
89,Twila Oxer,47106
90,Lawry Vibert,42611
91,Katalin Dotterill,43629
92,Livvyy Leversha,53756
93,Ester Braid,96651
94,Anatollo Houliston,52128
95,Tabor Boomes,49709
96,Omero Clell,26129
97,Marrilee Bosquet,46725
98,Joelle Behning,67209
99,Lena Beetham,79453
100,Madelyn Heditch,92255
101,Robert Eliv,34000
